IC50,peptide,HLA_allele
30113.83373,ADGVGKSA,HLA-A*02:01
27834.34755,ADGVGKSA,HLA-B*07:02
21587.84419,ADGVGKSA,HLA-C*07:02
16006.73905,ADGVGKSAL,HLA-A*02:01
6970.875068,ADGVGKSAL,HLA-B*07:02
5865.693687,ADGVGKSAL,HLA-C*07:02
27274.87017,ADGVGKSALT,HLA-A*02:01
27761.23806,ADGVGKSALT,HLA-B*07:02
24703.31142,ADGVGKSALT,HLA-C*07:02
21767.74779,ADGVGKSALTI,HLA-A*02:01
21550.79937,ADGVGKSALTI,HLA-B*07:02
19397.3883,ADGVGKSALTI,HLA-C*07:02
27583.13138,DGVGKSAL,HLA-A*02:01
13884.29039,DGVGKSAL,HLA-B*07:02
14788.98748,DGVGKSAL,HLA-C*07:02
24207.67578,DGVGKSALT,HLA-A*02:01
26712.98564,DGVGKSALT,HLA-B*07:02
23917.15728,DGVGKSALT,HLA-C*07:02
21129.71828,DGVGKSALTI,HLA-A*02:01
22200.53144,DGVGKSALTI,HLA-B*07:02
21577.55901,DGVGKSALTI,HLA-C*07:02
28209.76943,DGVGKSALTIQ,HLA-A*02:01
29435.33223,DGVGKSALTIQ,HLA-B*07:02
20122.37256,DGVGKSALTIQ,HLA-C*07:02
32888.94563,EYKLVVVGAD,HLA-A*02:01
32857.01063,EYKLVVVGAD,HLA-B*07:02
29736.7637,EYKLVVVGAD,HLA-C*07:02
33134.00104,EYKLVVVGADG,HLA-A*02:01
32704.84386,EYKLVVVGADG,HLA-B*07:02
28570.07355,EYKLVVVGADG,HLA-C*07:02
29200.77064,GADGVGKS,HLA-A*02:01
29781.00589,GADGVGKS,HLA-B*07:02
23237.82178,GADGVGKS,HLA-C*07:02
6190.569448,GADGVGKSA,HLA-A*02:01
5950.495824,GADGVGKSA,HLA-B*07:02
4100.587015,GADGVGKSA,HLA-C*07:02
5129.006517,GADGVGKSAL,HLA-A*02:01
830.7124052,GADGVGKSAL,HLA-B*07:02
1023.490119,GADGVGKSAL,HLA-C*07:02
20292.19166,GADGVGKSALT,HLA-A*02:01
25619.17683,GADGVGKSALT,HLA-B*07:02
16425.94597,GADGVGKSALT,HLA-C*07:02
32256.04647,KLVVVGAD,HLA-A*02:01
33663.66623,KLVVVGAD,HLA-B*07:02
31631.97925,KLVVVGAD,HLA-C*07:02
14960.15325,KLVVVGADG,HLA-A*02:01
31178.1549,KLVVVGADG,HLA-B*07:02
28254.51694,KLVVVGADG,HLA-C*07:02
110.7806848,KLVVVGADGV,HLA-A*02:01
29812.09808,KLVVVGADGV,HLA-B*07:02
27289.74674,KLVVVGADGV,HLA-C*07:02
20625.91728,KLVVVGADGVG,HLA-A*02:01
31239.70766,KLVVVGADGVG,HLA-B*07:02
25660.97416,KLVVVGADGVG,HLA-C*07:02
31163.4317,LVVVGADG,HLA-A*02:01
33082.85385,LVVVGADG,HLA-B*07:02
30593.37835,LVVVGADG,HLA-C*07:02
726.9938208,LVVVGADGV,HLA-A*02:01
24609.89606,LVVVGADGV,HLA-B*07:02
23282.93075,LVVVGADGV,HLA-C*07:02
24892.84165,LVVVGADGVG,HLA-A*02:01
29650.59779,LVVVGADGVG,HLA-B*07:02
26237.5609,LVVVGADGVG,HLA-C*07:02
11072.1129,LVVVGADGVGK,HLA-A*02:01
20746.00754,LVVVGADGVGK,HLA-B*07:02
4754.551209,LVVVGADGVGK,HLA-C*07:02
30722.07842,TEYKLVVVGAD,HLA-A*02:01
32592.13965,TEYKLVVVGAD,HLA-B*07:02
25011.06141,TEYKLVVVGAD,HLA-C*07:02
22464.31528,VGADGVGK,HLA-A*02:01
25587.58409,VGADGVGK,HLA-B*07:02
7931.986384,VGADGVGK,HLA-C*07:02
22191.86703,VGADGVGKS,HLA-A*02:01
27440.65408,VGADGVGKS,HLA-B*07:02
15203.85627,VGADGVGKS,HLA-C*07:02
12103.40481,VGADGVGKSA,HLA-A*02:01
12534.94264,VGADGVGKSA,HLA-B*07:02
3420.799267,VGADGVGKSA,HLA-C*07:02
7063.466084,VGADGVGKSAL,HLA-A*02:01
1111.707405,VGADGVGKSAL,HLA-B*07:02
382.7003894,VGADGVGKSAL,HLA-C*07:02
30112.19115,VVGADGVG,HLA-A*02:01
31899.61124,VVGADGVG,HLA-B*07:02
27759.69348,VVGADGVG,HLA-C*07:02
12125.21766,VVGADGVGK,HLA-A*02:01
20182.21442,VVGADGVGK,HLA-B*07:02
5314.167062,VVGADGVGK,HLA-C*07:02
22058.54474,VVGADGVGKS,HLA-A*02:01
29300.77639,VVGADGVGKS,HLA-B*07:02
23499.72692,VVGADGVGKS,HLA-C*07:02
12593.30194,VVGADGVGKSA,HLA-A*02:01
21261.6924,VVGADGVGKSA,HLA-B*07:02
14306.21632,VVGADGVGKSA,HLA-C*07:02
25314.65253,VVVGADGV,HLA-A*02:01
31937.74931,VVVGADGV,HLA-B*07:02
29100.48643,VVVGADGV,HLA-C*07:02
21759.20257,VVVGADGVG,HLA-A*02:01
27643.45495,VVVGADGVG,HLA-B*07:02
22236.74269,VVVGADGVG,HLA-C*07:02
7004.441856,VVVGADGVGK,HLA-A*02:01
16692.5792,VVVGADGVGK,HLA-B*07:02
2296.031958,VVVGADGVGK,HLA-C*07:02
17341.70383,VVVGADGVGKS,HLA-A*02:01
27681.16779,VVVGADGVGKS,HLA-B*07:02
16979.21116,VVVGADGVGKS,HLA-C*07:02
31156.16225,YKLVVVGAD,HLA-A*02:01
32876.89478,YKLVVVGAD,HLA-B*07:02
27821.81085,YKLVVVGAD,HLA-C*07:02
32019.47694,YKLVVVGADG,HLA-A*02:01
32641.02961,YKLVVVGADG,HLA-B*07:02
28471.08879,YKLVVVGADG,HLA-C*07:02
28623.53176,YKLVVVGADGV,HLA-A*02:01
32150.85047,YKLVVVGADGV,HLA-B*07:02
25923.10902,YKLVVVGADGV,HLA-C*07:02
